{
    "os": "Linux-5.11.0-27-generic-x86_64-with-debian-bullseye-sid",
    "python": "3.7.11",
    "heartbeatAt": "2021-09-05T14:18:51.775815",
    "startedAt": "2021-09-05T14:18:50.199922",
    "docker": null,
    "gpu": "NVIDIA GeForce RTX 3060",
    "gpu_count": 1,
    "cpu_count": 6,
    "cuda": null,
    "args": [
        "-f",
        "/home/indika/.local/share/jupyter/runtime/kernel-75eb1d35-e56d-474a-b0aa-b77bd9e61db0.json"
    ],
    "state": "running",
    "program": "00.ipynb",
    "root": "/home/indika/Programming/Projects/Python/Artifical-Intelligence/PyTorch/NLP/Disaster-Tweets",
    "host": "programmer-rd-ai",
    "username": "indika",
    "executable": "/home/indika/anaconda3/bin/python"
}
